term,category,is_abbreviation,full_form,breakdown,definition,example_usage,synonyms,aliases,tags
Gestational Diabetes,Condition,FALSE,Gestational Diabetes,,High blood sugar that develops during pregnancy.,Gestational diabetes usually resolves after delivery.,{},{GDM},"{condition,endocrine,pregnancy}"
Glaucoma,Condition,FALSE,Glaucoma,,Eye disease with increased pressure damaging the optic nerve.,Glaucoma can cause blindness if untreated.,{},{},"{condition,ophthalmology}"
Cataracts,Condition,FALSE,Cataracts,,Clouding of the eye lens causing blurry vision.,Cataracts treated with surgery.,{},{},"{condition,ophthalmology}"
Macular Degeneration,Condition,FALSE,Age-Related Macular Degeneration,,Eye disease causing loss of central vision.,Macular degeneration most common in elderly.,{},"{AMD,ARMD}","{condition,ophthalmology}"
Diabetic Retinopathy,Condition,FALSE,Diabetic Retinopathy,,Eye damage from diabetes affecting the retina.,Diabetic retinopathy can cause blindness.,{},{},"{condition,ophthalmology,endocrine}"
Vertigo,Condition,FALSE,Vertigo,,A sensation of spinning or dizziness.,Vertigo from inner ear problems.,{},{},"{condition,ent}"
Meniere Disease,Condition,FALSE,Meniere Disease,,Inner ear disorder causing vertigo and hearing loss.,Meniere disease causes episodes of severe dizziness.,{},{Meniere's},"{condition,ent}"
Tinnitus,Condition,FALSE,Tinnitus,,Ringing or buzzing sound in the ears.,Tinnitus often from noise exposure.,{},{},"{condition,ent}"
TMJ,Condition,TRUE,Temporomandibular Joint Disorder,,Jaw joint problems causing pain and clicking.,TMJ causes jaw pain and headaches.,{},{TMD},"{condition,dental}"
Gingivitis,Condition,FALSE,Gingivitis,,Inflammation of the gums.,Gingivitis from poor oral hygiene.,{},{},"{condition,dental}"
Periodontitis,Condition,FALSE,Periodontitis,,Serious gum infection damaging soft tissue and bone.,Periodontitis can cause tooth loss.,{},{gum disease},"{condition,dental}"
Varicose Veins,Condition,FALSE,Varicose Veins,,Swollen twisted veins visible under the skin.,Varicose veins most common in legs.,{},{},"{condition,vascular}"
Hemorrhoids,Condition,FALSE,Hemorrhoids,,Swollen veins in the rectum or anus.,Hemorrhoids cause rectal bleeding and pain.,{},{piles},"{condition,gastrointestinal}"
Anal Fissure,Condition,FALSE,Anal Fissure,,A small tear in the lining of the anus.,Anal fissure causes pain with bowel movements.,{},{},"{condition,gastrointestinal}"
Hernia,Condition,FALSE,Hernia,,When an organ pushes through a weak spot in muscle.,Inguinal hernia common in groin area.,{},{},"{condition,surgical}"
Gallstones,Condition,FALSE,Cholelithiasis,,Hard deposits in the gallbladder.,Gallstones can cause severe pain.,{},{},"{condition,gastrointestinal}"
Kidney Stones,Condition,FALSE,Nephrolithiasis,,Hard deposits in the kidneys causing severe pain.,Kidney stones pass through urinary tract.,{},{renal calculi},"{condition,renal,urology}"
BPH,Condition,TRUE,Benign Prostatic Hyperplasia,,Non-cancerous enlargement of the prostate.,BPH causes urinary frequency.,{},{enlarged prostate},"{condition,urology}"
Incontinence,Condition,FALSE,Urinary Incontinence,,Involuntary leakage of urine.,Urinary incontinence common in elderly.,{},{},"{condition,urology}"
Overactive Bladder,Condition,FALSE,Overactive Bladder,,Sudden urge to urinate that's difficult to control.,OAB causes frequent urgent urination.,{},{OAB},"{condition,urology}"
AKI,Condition,TRUE,Acute Kidney Injury,,Sudden decrease in kidney function.,AKI requires urgent treatment.,{},{acute renal failure},"{condition,renal}"
ESRD,Condition,TRUE,End-Stage Renal Disease,,Complete or near-complete kidney failure.,ESRD requires dialysis or transplant.,{},{kidney failure},"{condition,renal}"
Dehydration,Condition,FALSE,Dehydration,,Loss of too much body fluid.,Dehydration causes dizziness and dry mouth.,{},{},"{condition,general}"
Heat Stroke,Condition,FALSE,Heat Stroke,,Life-threatening condition from overheating.,Heat stroke is medical emergency.,{},{},"{condition,emergency}"
Hypothermia,Condition,FALSE,Hypothermia,,Dangerously low body temperature.,Hypothermia from prolonged cold exposure.,{},{},"{condition,emergency}"
Frostbite,Condition,FALSE,Frostbite,,Freezing of skin and tissues from extreme cold.,Frostbite affects fingers and toes.,{},{},"{condition,emergency}"
Burns,Condition,FALSE,Burns,,Tissue damage from heat chemicals or electricity.,Burns classified by degree of severity.,{},{},"{condition,emergency}"
Fracture,Condition,FALSE,Bone Fracture,,A broken bone.,Fracture requires immobilization or surgery.,{},{broken bone},"{condition,orthopedic}"
Sprain,Condition,FALSE,Sprain,,Stretched or torn ligament.,Ankle sprain from twisting injury.,{},{},"{condition,orthopedic}"
Strain,Condition,FALSE,Muscle Strain,,Stretched or torn muscle or tendon.,Back strain from heavy lifting.,{},{pulled muscle},"{condition,orthopedic}"
Tendinitis,Condition,FALSE,Tendinitis,,Inflammation of a tendon.,Achilles tendinitis from overuse.,{},{tendonitis},"{condition,orthopedic}"
Bursitis,Condition,FALSE,Bursitis,,Inflammation of fluid-filled sacs cushioning joints.,Shoulder bursitis causes pain with movement.,{},{},"{condition,orthopedic}"
Scoliosis,Condition,FALSE,Scoliosis,,Sideways curvature of the spine.,Scoliosis screened in adolescents.,{},{},"{condition,orthopedic}"
Herniated Disc,Condition,FALSE,Herniated Disc,,When disc cushion between vertebrae pushes out.,Herniated disc causes back and leg pain.,{},"{slipped disc,ruptured disc}","{condition,orthopedic,neurological}"
Sciatica,Condition,FALSE,Sciatica,,Pain radiating along the sciatic nerve from back to leg.,Sciatica from herniated disc.,{},{},"{condition,orthopedic,neurological}"
Rotator Cuff Tear,Condition,FALSE,Rotator Cuff Tear,,Tear in shoulder muscles or tendons.,Rotator cuff tear limits shoulder movement.,{},{},"{condition,orthopedic}"
ACL Tear,Condition,TRUE,Anterior Cruciate Ligament Tear,,Tear of major knee ligament.,ACL tear common in athletes requires surgery.,{},{},"{condition,orthopedic}"
Meniscus Tear,Condition,FALSE,Meniscus Tear,,Tear of knee cartilage.,Meniscus tear causes knee pain and swelling.,{},{},"{condition,orthopedic}"
Appendectomy,Procedure,FALSE,Appendectomy,,Surgery to remove the appendix.,Emergency appendectomy performed for appendicitis.,{},{},"{procedure,surgery,gastrointestinal}"
Cholecystectomy,Procedure,FALSE,Cholecystectomy,,Surgery to remove the gallbladder.,Laparoscopic cholecystectomy for gallstones.,{},{},"{procedure,surgery,gastrointestinal}"
Colectomy,Procedure,FALSE,Colectomy,,Surgery to remove all or part of the colon.,Colectomy performed for colon cancer.,{},{},"{procedure,surgery,gastrointestinal}"
Colonoscopy,Procedure,FALSE,Colonoscopy,,A test using a camera to look inside the colon.,Colonoscopy screening at age 45.,{},{},"{procedure,diagnostic,gastrointestinal}"
Endoscopy,Procedure,FALSE,Endoscopy,,A test using a camera to look inside the digestive tract.,Upper endoscopy to check for ulcers.,{},{EGD},"{procedure,diagnostic,gastrointestinal}"
EGD,Procedure,TRUE,Esophagogastroduodenoscopy,,A test looking inside the esophagus stomach and small intestine.,EGD shows gastritis.,{},{},"{procedure,diagnostic,gastrointestinal}"
ERCP,Procedure,TRUE,Endoscopic Retrograde Cholangiopancreatography,,A procedure to diagnose and treat bile duct and pancreas problems.,ERCP to remove bile duct stone.,{},{},"{procedure,diagnostic,gastrointestinal}"
Sigmoidoscopy,Procedure,FALSE,Sigmoidoscopy,,A test using a camera to look inside the lower colon.,Flexible sigmoidoscopy checks for polyps.,{},{},"{procedure,diagnostic,gastrointestinal}"
Biopsy,Procedure,FALSE,Biopsy,,Removing a small piece of tissue to check for disease.,Skin biopsy to rule out cancer.,{},{},"{procedure,diagnostic}"
Excisional Biopsy,Procedure,FALSE,Excisional Biopsy,,Removing an entire lump or area of abnormal tissue.,Excisional biopsy of breast lump.,{},{},"{procedure,diagnostic,surgery}"
Incisional Biopsy,Procedure,FALSE,Incisional Biopsy,,Removing a small piece of a larger abnormal area.,Incisional biopsy of large skin lesion.,{},{},"{procedure,diagnostic,surgery}"
Needle Biopsy,Procedure,FALSE,Needle Biopsy,,Using a needle to remove cells or tissue.,Fine needle biopsy of thyroid nodule.,{},"{FNA,fine needle aspiration}","{procedure,diagnostic}"
Core Biopsy,Procedure,FALSE,Core Biopsy,,Using a larger needle to remove a tissue sample.,Core biopsy of breast mass.,{},{},"{procedure,diagnostic}"
CABG,Procedure,TRUE,Coronary Artery Bypass Graft,,Heart surgery creating new routes around blocked arteries.,CABG after heart attack.,{},"{bypass surgery,heart bypass}","{procedure,surgery,cardiovascular}"
Angioplasty,Procedure,FALSE,Angioplasty,,Opening blocked arteries with a balloon.,Coronary angioplasty with stent placement.,{},{PCI},"{procedure,cardiovascular}"
Stent,Procedure,FALSE,Stent Placement,,Inserting a small tube to keep an artery open.,Cardiac stent keeps artery open.,{},{},"{procedure,cardiovascular}"
Cardiac Catheterization,Procedure,FALSE,Cardiac Catheterization,,Threading a tube through blood vessels to the heart.,Cardiac cath to check for blockages.,{},{heart cath},"{procedure,diagnostic,cardiovascular}"
Pacemaker,Procedure,FALSE,Pacemaker Insertion,,Implanting a device to control heart rhythm.,Pacemaker for slow heart rate.,{},{},"{procedure,cardiovascular}"
ICD,Procedure,TRUE,Implantable Cardioverter Defibrillator,,A device that shocks the heart if dangerous rhythm occurs.,ICD for heart failure patient.,{},{},"{procedure,cardiovascular}"
Ablation,Procedure,FALSE,Cardiac Ablation,,Destroying heart tissue causing abnormal rhythm.,Ablation for atrial fibrillation.,{},{},"{procedure,cardiovascular}"
Valve Replacement,Procedure,FALSE,Heart Valve Replacement,,Surgery to replace a damaged heart valve.,Aortic valve replacement for stenosis.,{},{},"{procedure,surgery,cardiovascular}"
Angiogram,Procedure,FALSE,Angiogram,,X-ray test using dye to see blood vessels.,Coronary angiogram shows blockages.,{},{arteriogram},"{procedure,diagnostic,cardiovascular}"
Echocardiogram,Procedure,FALSE,Echocardiogram,,Ultrasound of the heart.,Echo shows ejection fraction.,{},{echo},"{procedure,diagnostic,cardiovascular}"
Stress Test,Procedure,FALSE,Cardiac Stress Test,,A test checking heart function during exercise.,Stress test shows ischemia.,{},"{exercise stress test,treadmill test}","{procedure,diagnostic,cardiovascular}"
Holter Monitor,Procedure,FALSE,Holter Monitor,,A portable device recording heart rhythm for 24-48 hours.,Holter monitor to catch arrhythmia.,{},{},"{procedure,diagnostic,cardiovascular}"
Event Monitor,Procedure,FALSE,Event Monitor,,A portable device worn for weeks to record irregular heartbeats.,Event monitor for intermittent palpitations.,{},{},"{procedure,diagnostic,cardiovascular}"
Cardioversion,Procedure,FALSE,Cardioversion,,Using electricity to restore normal heart rhythm.,Cardioversion for persistent A-fib.,{},{},"{procedure,cardiovascular}"
Thrombolysis,Procedure,FALSE,Thrombolysis,,Using clot-busting drugs to dissolve blood clots.,Thrombolysis for acute stroke.,{},{clot busting},"{procedure,cardiovascular}"
Embolization,Procedure,FALSE,Embolization,,Blocking blood vessels to stop bleeding or shrink tumors.,Uterine artery embolization for fibroids.,{},{},"{procedure,interventional}"
Thoracentesis,Procedure,FALSE,Thoracentesis,,Removing fluid from around the lungs with a needle.,Thoracentesis for pleural effusion.,{},{},"{procedure,pulmonary}"
Paracentesis,Procedure,FALSE,Paracentesis,,Removing fluid from the abdomen with a needle.,Paracentesis for ascites.,{},{},"{procedure,gastrointestinal}"
Bronchoscopy,Procedure,FALSE,Bronchoscopy,,A test using a camera to look inside the airways.,Bronchoscopy to check for lung cancer.,{},{},"{procedure,diagnostic,pulmonary}"
Thoracotomy,Procedure,FALSE,Thoracotomy,,Surgery opening the chest.,Thoracotomy for lung resection.,{},{},"{procedure,surgery,pulmonary}"
Lobectomy,Procedure,FALSE,Lobectomy,,Surgery to remove a lobe of the lung.,Lobectomy for lung cancer.,{},{},"{procedure,surgery,pulmonary}"
Pneumonectomy,Procedure,FALSE,Pneumonectomy,,Surgery to remove an entire lung.,Pneumonectomy for advanced lung cancer.,{},{},"{procedure,surgery,pulmonary}"
Tracheostomy,Procedure,FALSE,Tracheostomy,,Creating an opening in the neck into the windpipe.,Tracheostomy for prolonged ventilation.,{},{trach},"{procedure,surgery,pulmonary}"
Intubation,Procedure,FALSE,Endotracheal Intubation,,Inserting a breathing tube through the mouth into the windpipe.,Intubation for surgery or respiratory failure.,{},{},"{procedure,pulmonary,critical-care}"
Mechanical Ventilation,Procedure,FALSE,Mechanical Ventilation,,Using a machine to help or replace breathing.,Patient on ventilator in ICU.,{},"{ventilator,life support}","{procedure,pulmonary,critical-care}"
CPAP,Procedure,TRUE,Continuous Positive Airway Pressure,,A machine keeping airways open during sleep.,CPAP for sleep apnea.,{},{},"{procedure,pulmonary}"
BiPAP,Procedure,TRUE,Bilevel Positive Airway Pressure,,A machine providing two levels of air pressure for breathing.,BiPAP for respiratory distress.,{},{},"{procedure,pulmonary}"
Spirometry,Procedure,FALSE,Spirometry,,A breathing test measuring lung function.,Spirometry shows obstructive pattern.,{},{},"{procedure,diagnostic,pulmonary}"
PFT,Procedure,TRUE,Pulmonary Function Test,,Tests measuring how well the lungs work.,PFT ordered for COPD evaluation.,{},{lung function test},"{procedure,diagnostic,pulmonary}"
Peak Flow,Procedure,FALSE,Peak Flow Measurement,,A test measuring how fast air comes out of lungs.,Peak flow monitoring for asthma.,{},{},"{procedure,diagnostic,pulmonary}"
Arterial Blood Gas,Procedure,FALSE,Arterial Blood Gas,,A blood test checking oxygen and carbon dioxide levels.,ABG shows respiratory acidosis.,{},{ABG},"{procedure,diagnostic,pulmonary}"
Chest Tube,Procedure,FALSE,Chest Tube Insertion,,Placing a tube in the chest to drain air or fluid.,Chest tube for pneumothorax.,{},{thoracostomy tube},"{procedure,pulmonary}"
Lumbar Puncture,Procedure,FALSE,Lumbar Puncture,,Using a needle to collect spinal fluid.,Lumbar puncture to rule out meningitis.,{},"{spinal tap,LP}","{procedure,diagnostic,neurological}"
EEG,Procedure,TRUE,Electroencephalogram,,A test recording electrical activity in the brain.,EEG to diagnose seizures.,{},{},"{procedure,diagnostic,neurological}"
EMG,Procedure,TRUE,Electromyography,,A test checking muscle and nerve function.,EMG shows nerve compression.,{},{},"{procedure,diagnostic,neurological}"
Nerve Conduction Study,Procedure,FALSE,Nerve Conduction Study,,A test measuring how fast nerves send signals.,NCS confirms carpal tunnel syndrome.,{},{NCS},"{procedure,diagnostic,neurological}"
Craniotomy,Procedure,FALSE,Craniotomy,,Surgery opening the skull to access the brain.,Craniotomy to remove brain tumor.,{},{},"{procedure,surgery,neurological}"
Brain Biopsy,Procedure,FALSE,Brain Biopsy,,Removing a small piece of brain tissue for testing.,Stereotactic brain biopsy.,{},{},"{procedure,diagnostic,neurological}"
VP Shunt,Procedure,TRUE,Ventriculoperitoneal Shunt,,A tube draining excess fluid from the brain to the abdomen.,VP shunt for hydrocephalus.,{},{},"{procedure,neurological}"
Laminectomy,Procedure,FALSE,Laminectomy,,Surgery removing part of vertebra to relieve nerve pressure.,Laminectomy for herniated disc.,{},{decompression surgery},"{procedure,surgery,orthopedic}"
Spinal Fusion,Procedure,FALSE,Spinal Fusion,,Surgery joining two or more vertebrae together.,Spinal fusion for severe scoliosis.,{},{},"{procedure,surgery,orthopedic}"
Discectomy,Procedure,FALSE,Discectomy,,Surgery removing a herniated disc.,Microdiscectomy for sciatica.,{},{},"{procedure,surgery,orthopedic}"
Joint Replacement,Procedure,FALSE,Joint Replacement,,Surgery replacing a damaged joint with artificial one.,Total knee replacement for osteoarthritis.,{},{arthroplasty},"{procedure,surgery,orthopedic}"
Hip Replacement,Procedure,FALSE,Hip Replacement,,Surgery replacing hip joint.,Total hip arthroplasty for severe arthritis.,{},"{total hip arthroplasty,THA}","{procedure,surgery,orthopedic}"
Knee Replacement,Procedure,FALSE,Knee Replacement,,Surgery replacing knee joint.,Total knee arthroplasty bilateral.,{},"{total knee arthroplasty,TKA}","{procedure,surgery,orthopedic}"
Shoulder Replacement,Procedure,FALSE,Shoulder Replacement,,Surgery replacing shoulder joint.,Reverse shoulder arthroplasty.,{},{},"{procedure,surgery,orthopedic}"
Arthroscopy,Procedure,FALSE,Arthroscopy,,Surgery using a small camera to look inside and repair a joint.,Knee arthroscopy for torn meniscus.,{},{},"{procedure,surgery,orthopedic}"
ACL Reconstruction,Procedure,FALSE,ACL Reconstruction,,Surgery to repair torn knee ligament.,ACL reconstruction using patellar tendon graft.,{},{},"{procedure,surgery,orthopedic}"
Rotator Cuff Repair,Procedure,FALSE,Rotator Cuff Repair,,Surgery to fix torn shoulder tendons.,Arthroscopic rotator cuff repair.,{},{},"{procedure,surgery,orthopedic}"
Fracture Reduction,Procedure,FALSE,Fracture Reduction,,Setting a broken bone back in place.,Closed reduction of wrist fracture.,{},{},"{procedure,orthopedic}"
ORIF,Procedure,TRUE,Open Reduction Internal Fixation,,Surgery using plates and screws to fix broken bones.,ORIF of ankle fracture.,{},{},"{procedure,surgery,orthopedic}"
Cast Application,Procedure,FALSE,Cast Application,,Applying a hard shell to immobilize a body part.,Short arm cast for wrist fracture.,{},{},"{procedure,orthopedic}"
Splint Application,Procedure,FALSE,Splint Application,,Applying a removable support to immobilize a body part.,Thumb spica splint for scaphoid fracture.,{},{},"{procedure,orthopedic}"
Joint Aspiration,Procedure,FALSE,Joint Aspiration,,Removing fluid from a joint with a needle.,Knee aspiration for joint effusion.,{},{arthrocentesis},"{procedure,diagnostic,orthopedic}"
Joint Injection,Procedure,FALSE,Joint Injection,,Injecting medication into a joint.,Cortisone injection for knee arthritis.,{},{intra-articular injection},"{procedure,orthopedic}"
Trigger Point Injection,Procedure,FALSE,Trigger Point Injection,,Injecting medication into tight muscle knots.,Trigger point injection for back pain.,{},{},"{procedure,pain-management}"
Epidural Steroid Injection,Procedure,FALSE,Epidural Steroid Injection,,Injecting steroid medicine around spinal nerves.,Epidural injection for radiculopathy.,{},{ESI},"{procedure,pain-management}"
Nerve Block,Procedure,FALSE,Nerve Block,,Injecting medication to block pain signals in nerves.,Intercostal nerve block for rib pain.,{},{},"{procedure,pain-management}"
Dialysis,Procedure,FALSE,Dialysis,,A procedure filtering blood when kidneys don't work.,Patient on dialysis three times weekly.,{},{hemodialysis},"{procedure,renal}"
Hemodialysis,Procedure,FALSE,Hemodialysis,,Filtering blood through a machine outside the body.,Hemodialysis via AV fistula.,{},{HD},"{procedure,renal}"
Peritoneal Dialysis,Procedure,FALSE,Peritoneal Dialysis,,Filtering blood using the abdomen lining.,Home peritoneal dialysis.,{},{PD},"{procedure,renal}"
Kidney Transplant,Procedure,FALSE,Kidney Transplant,,Surgery replacing a failed kidney with a healthy donor kidney.,Living donor kidney transplant.,{},{renal transplant},"{procedure,surgery,renal}"
Nephrectomy,Procedure,FALSE,Nephrectomy,,Surgery to remove a kidney.,Partial nephrectomy for kidney tumor.,{},{},"{procedure,surgery,renal}"
Lithotripsy,Procedure,FALSE,Lithotripsy,,Using shock waves to break up kidney stones.,ESWL for renal calculus.,{},"{ESWL,shock wave lithotripsy}","{procedure,urology}"
Cystoscopy,Procedure,FALSE,Cystoscopy,,A test using a camera to look inside the bladder.,Cystoscopy to check for bladder cancer.,{},{},"{procedure,diagnostic,urology}"
TURP,Procedure,TRUE,Transurethral Resection of Prostate,,Surgery removing part of enlarged prostate.,TURP for BPH.,{},{},"{procedure,surgery,urology}"
Vasectomy,Procedure,FALSE,Vasectomy,,A permanent birth control surgery for men cutting tubes that carry sperm.,Vasectomy for family planning.,{},{},"{procedure,surgery,urology}"
Circumcision,Procedure,FALSE,Circumcision,,Surgery removing foreskin from penis.,Newborn circumcision.,{},{},"{procedure,surgery,urology}"
Urodynamics,Procedure,FALSE,Urodynamic Testing,,Tests measuring bladder and urethra function.,Urodynamics for incontinence evaluation.,{},{},"{procedure,diagnostic,urology}"
Prostate Biopsy,Procedure,FALSE,Prostate Biopsy,,Removing small pieces of prostate tissue for testing.,Transrectal prostate biopsy for elevated PSA.,{},{},"{procedure,diagnostic,urology}"
Hysterectomy,Procedure,FALSE,Hysterectomy,,Surgery to remove the uterus.,Total hysterectomy for fibroids.,{},{},"{procedure,surgery,gynecology}"
D&C,Procedure,TRUE,Dilation and Curettage,,A procedure scraping the uterus lining.,D&C for abnormal bleeding.,{},{},"{procedure,gynecology}"
Colposcopy,Procedure,FALSE,Colposcopy,,A test using a magnifying device to examine the cervix.,Colposcopy after abnormal Pap smear.,{},{},"{procedure,diagnostic,gynecology}"
LEEP,Procedure,TRUE,Loop Electrosurgical Excision Procedure,,Removing abnormal cervical tissue with an electric wire loop.,LEEP for cervical dysplasia.,{},{},"{procedure,gynecology}"
Hysteroscopy,Procedure,FALSE,Hysteroscopy,,A test using a camera to look inside the uterus.,Hysteroscopy to check for polyps.,{},{},"{procedure,diagnostic,gynecology}"
Laparoscopy,Procedure,FALSE,Laparoscopy,,Surgery through small incisions using a camera.,Diagnostic laparoscopy for pelvic pain.,{},{minimally invasive surgery},"{procedure,surgery}"
Tubal Ligation,Procedure,FALSE,Tubal Ligation,,A permanent birth control surgery for women tying or cutting fallopian tubes.,Postpartum tubal ligation.,{},{tubes tied},"{procedure,surgery,gynecology}"
C-section,Procedure,FALSE,Cesarean Section,,Surgery to deliver a baby through the abdomen.,Repeat C-section at 39 weeks.,{},{cesarean delivery},"{procedure,surgery,gynecology,obstetrics}"
Amniocentesis,Procedure,FALSE,Amniocentesis,,Removing amniotic fluid with a needle to test the baby.,Amniocentesis for genetic testing.,{},{amnio},"{procedure,diagnostic,obstetrics}"
IVF,Procedure,TRUE,In Vitro Fertilization,,A fertility treatment fertilizing eggs outside the body.,IVF cycle with embryo transfer.,{},{},"{procedure,gynecology,fertility}"
IUI,Procedure,TRUE,Intrauterine Insemination,,A fertility treatment placing sperm directly in the uterus.,IUI with ovulation induction.,{},{},"{procedure,gynecology,fertility}"
Mammogram,Procedure,FALSE,Mammogram,,An X-ray of the breast to screen for cancer.,Annual screening mammogram.,{},{mammography},"{procedure,diagnostic,oncology}"
Breast Biopsy,Procedure,FALSE,Breast Biopsy,,Removing breast tissue to check for cancer.,Ultrasound-guided breast biopsy.,{},{},"{procedure,diagnostic,oncology}"
Lumpectomy,Procedure,FALSE,Lumpectomy,,Surgery removing a breast tumor and small amount of surrounding tissue.,Lumpectomy with sentinel node biopsy.,{},{breast-conserving surgery},"{procedure,surgery,oncology}"
Mastectomy,Procedure,FALSE,Mastectomy,,Surgery removing all or part of the breast.,Total mastectomy for breast cancer.,{},{},"{procedure,surgery,oncology}"
Sentinel Node Biopsy,Procedure,FALSE,Sentinel Lymph Node Biopsy,,Removing the first lymph nodes to check if cancer has spread.,Sentinel node biopsy negative.,{},{},"{procedure,diagnostic,oncology}"
Lymph Node Dissection,Procedure,FALSE,Lymph Node Dissection,,Surgery removing lymph nodes to check for cancer spread.,Axillary lymph node dissection.,{},{},"{procedure,surgery,oncology}"
Bone Marrow Biopsy,Procedure,FALSE,Bone Marrow Biopsy,,Removing bone marrow to check for blood disorders or cancer.,Bone marrow biopsy for anemia workup.,{},{},"{procedure,diagnostic,hematology}"
Bone Marrow Transplant,Procedure,FALSE,Bone Marrow Transplant,,Replacing diseased bone marrow with healthy stem cells.,Allogeneic bone marrow transplant for leukemia.,{},{stem cell transplant},"{procedure,hematology,oncology}"
Blood Transfusion,Procedure,FALSE,Blood Transfusion,,Giving blood or blood products through an IV.,Two units PRBC transfusion.,{},{},"{procedure,hematology}"
Chemotherapy,Procedure,FALSE,Chemotherapy,,Using drugs to kill cancer cells.,Starting first cycle of chemotherapy.,{},{chemo},"{procedure,oncology}"
Radiation Therapy,Procedure,FALSE,Radiation Therapy,,Using high-energy rays to kill cancer cells.,External beam radiation for prostate cancer.,{},"{radiotherapy,XRT}","{procedure,oncology}"
Immunotherapy,Procedure,FALSE,Immunotherapy,,Using the immune system to fight cancer.,Immunotherapy for melanoma.,{},{},"{procedure,oncology}"
Targeted Therapy,Procedure,FALSE,Targeted Therapy,,Using drugs that target specific cancer cell features.,Targeted therapy for HER2-positive breast cancer.,{},{},"{procedure,oncology}"
PET Scan,Procedure,TRUE,Positron Emission Tomography,,A scan showing how tissues and organs function.,PET scan for cancer staging.,{},{},"{procedure,diagnostic,imaging}"
CT Scan,Procedure,TRUE,Computed Tomography,,A detailed X-ray scan creating cross-sectional images.,CT chest abdomen and pelvis.,{},{CAT scan},"{procedure,diagnostic,imaging}"
MRI,Procedure,TRUE,Magnetic Resonance Imaging,,A scan using magnets and radio waves to create detailed images.,MRI brain with and without contrast.,{},{},"{procedure,diagnostic,imaging}"
X-ray,Procedure,FALSE,X-ray,,A test using radiation to create images of bones and organs.,Chest X-ray shows pneumonia.,{},{radiograph},"{procedure,diagnostic,imaging}"
Ultrasound,Procedure,FALSE,Ultrasound,,A test using sound waves to create images.,Abdominal ultrasound for gallstones.,{},"{sonogram,US}","{procedure,diagnostic,imaging}"
DEXA Scan,Procedure,TRUE,Dual-Energy X-ray Absorptiometry,,A scan measuring bone density.,DEXA scan shows osteoporosis.,{},{bone density scan},"{procedure,diagnostic,imaging}"
Fluoroscopy,Procedure,FALSE,Fluoroscopy,,Real-time moving X-ray images.,Fluoroscopy-guided injection.,{},{},"{procedure,diagnostic,imaging}"
Barium Swallow,Procedure,FALSE,Barium Swallow,,X-rays of the throat and esophagus after drinking contrast.,Barium swallow shows stricture.,{},{esophagram},"{procedure,diagnostic,imaging,gastrointestinal}"
Upper GI Series,Procedure,FALSE,Upper GI Series,,X-rays of esophagus stomach and small intestine with contrast.,Upper GI shows ulcer.,{},{},"{procedure,diagnostic,imaging,gastrointestinal}"
Barium Enema,Procedure,FALSE,Barium Enema,,X-rays of the colon after contrast inserted through rectum.,Barium enema to check for polyps.,{},{},"{procedure,diagnostic,imaging,gastrointestinal}"
Myelogram,Procedure,FALSE,Myelogram,,X-rays of the spine after injecting contrast into spinal fluid.,Myelogram for herniated disc.,{},{},"{procedure,diagnostic,imaging,neurological}"
Venogram,Procedure,FALSE,Venogram,,X-rays of veins after injecting contrast dye.,Venogram to check for DVT.,{},{},"{procedure,diagnostic,imaging,vascular}"
IVP,Procedure,TRUE,Intravenous Pyelogram,,X-rays of kidneys and urinary tract after IV contrast.,IVP shows kidney stones.,{},{},"{procedure,diagnostic,imaging,urology}"
Nuclear Medicine Scan,Procedure,FALSE,Nuclear Medicine Scan,,A scan using radioactive material to see organ function.,Thyroid scan with radioactive iodine.,{},{},"{procedure,diagnostic,imaging}"
Bone Scan,Procedure,FALSE,Bone Scan,,A nuclear medicine scan looking for bone problems.,Bone scan to check for metastases.,{},{},"{procedure,diagnostic,imaging,orthopedic}"
VQ Scan,Procedure,TRUE,Ventilation-Perfusion Scan,,A lung scan checking airflow and blood flow.,VQ scan to rule out pulmonary embolism.,{},{},"{procedure,diagnostic,imaging,pulmonary}"
HIDA Scan,Procedure,TRUE,Hepatobiliary Iminodiacetic Acid Scan,,A scan checking gallbladder and bile duct function.,HIDA scan shows cholecystitis.,{},{},"{procedure,diagnostic,imaging,gastrointestinal}"
Cardiac PET,Procedure,FALSE,Cardiac PET Scan,,A heart scan showing blood flow to heart muscle.,Cardiac PET shows ischemia.,{},{},"{procedure,diagnostic,imaging,cardiovascular}"
EKG,Procedure,TRUE,Electrocardiogram,,A test recording the heart's electrical activity.,EKG shows ST elevation.,{},{ECG},"{procedure,diagnostic,cardiovascular}"
Treadmill Stress Test,Procedure,FALSE,Treadmill Stress Test,,Testing heart function while walking on a treadmill.,Positive stress test for ischemia.,{},{exercise stress test},"{procedure,diagnostic,cardiovascular}"
Nuclear Stress Test,Procedure,FALSE,Nuclear Stress Test,,Heart imaging with radioactive tracer during stress.,Pharmacologic nuclear stress test.,{},{},"{procedure,diagnostic,cardiovascular}"
TEE,Procedure,TRUE,Transesophageal Echocardiogram,,Ultrasound of the heart through the esophagus.,TEE to check for blood clot in heart.,{},{},"{procedure,diagnostic,cardiovascular}"
Cardiac MRI,Procedure,FALSE,Cardiac MRI,,MRI scan of the heart.,Cardiac MRI shows cardiomyopathy.,{},{},"{procedure,diagnostic,imaging,cardiovascular}"
Carotid Ultrasound,Procedure,FALSE,Carotid Ultrasound,,Ultrasound of neck arteries.,Carotid duplex shows stenosis.,{},{carotid doppler},"{procedure,diagnostic,imaging,vascular}"
Venous Doppler,Procedure,FALSE,Venous Doppler Ultrasound,,Ultrasound checking blood flow in veins.,Lower extremity venous doppler for DVT.,{},{},"{procedure,diagnostic,imaging,vascular}"
ABI,Procedure,TRUE,Ankle-Brachial Index,,Comparing blood pressure in ankle and arm.,ABI of 0.7 indicates PAD.,{},{},"{procedure,diagnostic,vascular}"
Skin Biopsy,Procedure,FALSE,Skin Biopsy,,Removing a piece of skin to check for disease.,Punch biopsy of suspicious mole.,{},{},"{procedure,diagnostic,dermatology}"
Excision,Procedure,FALSE,Excision,,Surgically cutting out tissue or a growth.,Excision of lipoma.,{},{surgical removal},"{procedure,surgery}"
Incision and Drainage,Procedure,FALSE,Incision and Drainage,,Cutting open and draining an abscess.,I&D of abscess with packing.,{},{I&D},"{procedure,surgery}"
Cryotherapy,Procedure,FALSE,Cryotherapy,,Freezing tissue to destroy abnormal cells.,Cryotherapy for warts.,{},{},"{procedure,dermatology}"
Electrocautery,Procedure,FALSE,Electrocautery,,Using heat to remove or destroy tissue.,Electrocautery of skin tag.,{},{},"{procedure,dermatology,surgery}"
Laser Therapy,Procedure,FALSE,Laser Therapy,,Using focused light to treat tissue.,Laser treatment for retinopathy.,{},{},{procedure}
Phototherapy,Procedure,FALSE,Phototherapy,,Using light to treat skin conditions.,UV phototherapy for psoriasis.,{},{light therapy},"{procedure,dermatology}"
Mohs Surgery,Procedure,FALSE,Mohs Surgery,,Specialized skin cancer surgery removing one layer at a time.,Mohs surgery for basal cell carcinoma.,{},{},"{procedure,surgery,dermatology,oncology}"
Debridement,Procedure,FALSE,Debridement,,Removing dead or infected tissue from a wound.,Wound debridement for diabetic ulcer.,{},{},"{procedure,surgery}"
Wound VAC,Procedure,FALSE,Wound Vacuum-Assisted Closure,,Using suction to help wounds heal.,Wound VAC for pressure ulcer.,{},{negative pressure wound therapy},{procedure}
Suturing,Procedure,FALSE,Suturing,,Stitching a wound closed.,Suturing of laceration with 4-0 nylon.,{},{stitches},"{procedure,surgery}"
Stapling,Procedure,FALSE,Stapling,,Using metal clips to close a wound.,Staple removal in 10 days.,{},{},"{procedure,surgery}"
Tube Thoracostomy,Procedure,FALSE,Tube Thoracostomy,,Inserting a chest tube.,Chest tube for hemothorax.,{},{},"{procedure,pulmonary}"
Central Line,Procedure,FALSE,Central Line Insertion,,Placing a large IV catheter in a major vein.,Central line for chemotherapy.,{},"{central venous catheter,CVC}",{procedure}
PICC Line,Procedure,TRUE,Peripherally Inserted Central Catheter,,A long IV line inserted through arm vein.,PICC line for long-term antibiotics.,{},{},{procedure}
Port,Procedure,FALSE,Port Placement,,Implanting a device under skin for easy IV access.,Port-a-cath for chemotherapy.,{},{port-a-cath},"{procedure,oncology}"
Foley Catheter,Procedure,FALSE,Foley Catheter Insertion,,Inserting a tube into the bladder to drain urine.,Foley catheter for urinary retention.,{},{urinary catheter},"{procedure,urology}"
NG Tube,Procedure,TRUE,Nasogastric Tube,,A tube through the nose into the stomach.,NG tube for decompression.,{},{},"{procedure,gastrointestinal}"
PEG Tube,Procedure,TRUE,Percutaneous Endoscopic Gastrostomy,,A feeding tube placed through the abdomen into stomach.,PEG tube for long-term nutrition.,{},{feeding tube},"{procedure,gastrointestinal}"
Tracheostomy Care,Procedure,FALSE,Tracheostomy Care,,Maintaining and cleaning a tracheostomy.,Daily trach care with dressing change.,{},{},"{procedure,pulmonary}"
Wound Care,Procedure,FALSE,Wound Care,,Cleaning and dressing wounds.,Daily wound care with wet-to-dry dressings.,{},{},{procedure}
Ostomy Care,Procedure,FALSE,Ostomy Care,,Caring for a surgical opening for waste elimination.,Colostomy care teaching.,{},{},"{procedure,gastrointestinal}"
IV Therapy,Procedure,FALSE,Intravenous Therapy,,Giving fluids or medications through a vein.,IV fluids for dehydration.,{},{},{procedure}
Blood Draw,Procedure,FALSE,Venipuncture,,Drawing blood from a vein.,Venipuncture for labs.,{},{phlebotomy},"{procedure,diagnostic}"
Injections,Procedure,FALSE,Injections,,Giving medication through a needle.,IM injection of antibiotic.,{},{},{procedure}
Intramuscular Injection,Procedure,FALSE,Intramuscular Injection,,Injecting medication into a muscle.,IM injection in deltoid.,{},{IM injection},{procedure}
Subcutaneous Injection,Procedure,FALSE,Subcutaneous Injection,,Injecting medication under the skin.,SubQ insulin injection.,{},{SubQ injection},{procedure}
Nebulizer Treatment,Procedure,FALSE,Nebulizer Treatment,,Breathing in medication as a mist.,Albuterol nebulizer for asthma.,{},{breathing treatment},"{procedure,pulmonary}"
Oxygen Therapy,Procedure,FALSE,Oxygen Therapy,,Giving extra oxygen to breathe.,Patient on 2L nasal cannula.,{},{},"{procedure,pulmonary}"
Pulse Oximetry,Procedure,FALSE,Pulse Oximetry,,Measuring oxygen level in blood.,Pulse ox 95% on room air.,{},"{O2 sat,oxygen saturation}","{procedure,diagnostic}"
Capnography,Procedure,FALSE,Capnography,,Monitoring carbon dioxide in exhaled breath.,End-tidal CO2 monitoring.,{},{ETCO2},"{procedure,diagnostic,pulmonary}"
Allergy Testing,Procedure,FALSE,Allergy Testing,,Testing for allergic reactions to substances.,Skin prick allergy testing.,{},{},"{procedure,diagnostic,allergy}"
Patch Test,Procedure,FALSE,Patch Test,,Testing for contact allergies by placing substances on skin.,Patch test for contact dermatitis.,{},{},"{procedure,diagnostic,allergy,dermatology}"
Vision Test,Procedure,FALSE,Vision Test,,Checking how well a person can see.,Snellen chart vision test.,{},{eye exam},"{procedure,diagnostic,ophthalmology}"
Tonometry,Procedure,FALSE,Tonometry,,Measuring pressure inside the eye.,Tonometry to screen for glaucoma.,{},{},"{procedure,diagnostic,ophthalmology}"
Fundoscopy,Procedure,FALSE,Fundoscopy,,Looking at the back of the eye.,Dilated fundoscopic exam.,{},{ophthalmoscopy},"{procedure,diagnostic,ophthalmology}"
Hearing Test,Procedure,FALSE,Audiometry,,Testing hearing ability.,Audiogram shows hearing loss.,{},{hearing test},"{procedure,diagnostic,ent}"
Tympanometry,Procedure,FALSE,Tympanometry,,Testing middle ear function.,Tympanometry shows fluid.,{},{},"{procedure,diagnostic,ent}"
Sleep Study,Procedure,FALSE,Polysomnography,,An overnight test monitoring sleep.,Sleep study shows severe apnea.,{},{sleep study},"{procedure,diagnostic,pulmonary}"
Glucose Tolerance Test,Procedure,FALSE,Glucose Tolerance Test,,A test checking how the body processes sugar.,Oral glucose tolerance test for gestational diabetes.,{},"{GTT,OGTT}","{procedure,diagnostic,endocrine}"
Tilt Table Test,Procedure,FALSE,Tilt Table Test,,A test checking blood pressure and heart rate with position changes.,Tilt table test for syncope.,{},{},"{procedure,diagnostic,cardiovascular}"
Sweat Test,Procedure,FALSE,Sweat Chloride Test,,A test for cystic fibrosis.,Sweat test positive.,{},{},"{procedure,diagnostic}"
IR,Specialty,TRUE,Interventional Radiology,,A medical specialty using imaging to guide minimally invasive procedures.,IR placed drain for abscess.,{},{},"{specialty,radiology,imaging}"
Radiology,Specialty,FALSE,Radiology,,The medical specialty using imaging to diagnose and treat diseases.,Radiology read the CT scan.,{},{diagnostic radiology},"{specialty,imaging}"
Diagnostic Radiology,Specialty,FALSE,Diagnostic Radiology,,The branch of radiology focused on interpreting medical images.,Diagnostic radiology report.,{},{},"{specialty,imaging}"
Nuclear Medicine,Specialty,FALSE,Nuclear Medicine,,A specialty using radioactive materials to diagnose and treat disease.,Nuclear medicine performed thyroid scan.,{},{},"{specialty,imaging}"
Cardiology,Specialty,FALSE,Cardiology,,The medical specialty focused on the heart and blood vessels.,Cardiology consult for chest pain.,{},{},{specialty}
Interventional Cardiology,Specialty,FALSE,Interventional Cardiology,,Cardiology subspecialty performing procedures like stents.,Interventional cardiology did cardiac cath.,{},{},"{specialty,cardiology}"
Electrophysiology,Specialty,FALSE,Cardiac Electrophysiology,,Cardiology subspecialty focused on heart rhythm disorders.,EP study for atrial fibrillation.,{},{EP},"{specialty,cardiology}"
Pulmonology,Specialty,FALSE,Pulmonology,,The medical specialty focused on lungs and breathing.,Pulmonology manages COPD.,{},{pulmonary medicine},{specialty}
Critical Care,Specialty,FALSE,Critical Care Medicine,,The specialty caring for severely ill patients in ICU.,Critical care team rounded in ICU.,{},"{intensive care,ICU}",{specialty}
Emergency Medicine,Specialty,FALSE,Emergency Medicine,,The specialty providing immediate care for urgent medical problems.,Emergency medicine physician in ER.,{},{EM},{specialty}
Gastroenterology,Specialty,FALSE,Gastroenterology,,The medical specialty focused on digestive system.,Gastroenterology performed colonoscopy.,{},{GI},{specialty}
Hepatology,Specialty,FALSE,Hepatology,,The subspecialty focused on liver diseases.,Hepatology manages cirrhosis.,{},{},"{specialty,gastroenterology}"
Nephrology,Specialty,FALSE,Nephrology,,The medical specialty focused on kidneys.,Nephrology started dialysis.,{},{},{specialty}
Endocrinology,Specialty,FALSE,Endocrinology,,The medical specialty focused on hormones and glands.,Endocrinology adjusts diabetes medications.,{},{},{specialty}
Hematology,Specialty,FALSE,Hematology,,The medical specialty focused on blood disorders.,Hematology treats anemia.,{},{},{specialty}
Oncology,Specialty,FALSE,Oncology,,The medical specialty focused on cancer.,Medical oncology started chemotherapy.,{},{},{specialty}
Radiation Oncology,Specialty,FALSE,Radiation Oncology,,The specialty using radiation to treat cancer.,Radiation oncology planned treatment.,{},{},"{specialty,oncology}"
Hematology-Oncology,Specialty,FALSE,Hematology-Oncology,,The combined specialty treating blood cancers and disorders.,Heme-onc manages leukemia.,{},{hem-onc},{specialty}
Rheumatology,Specialty,FALSE,Rheumatology,,The medical specialty focused on arthritis and autoimmune diseases.,Rheumatology treats rheumatoid arthritis.,{},{},{specialty}
Infectious Disease,Specialty,FALSE,Infectious Disease,,The specialty focused on infections and antibiotics.,ID consult for resistant bacteria.,{},{ID},{specialty}
Allergy and Immunology,Specialty,FALSE,Allergy and Immunology,,The specialty treating allergies and immune disorders.,Allergy testing performed.,{},{},{specialty}
Dermatology,Specialty,FALSE,Dermatology,,The medical specialty focused on skin hair and nails.,Dermatology biopsied the mole.,{},{derm},{specialty}
Neurology,Specialty,FALSE,Neurology,,The medical specialty focused on the brain and nervous system.,Neurology manages seizures.,{},{neuro},{specialty}
Neurosurgery,Specialty,FALSE,Neurosurgery,,The surgical specialty operating on brain and spine.,Neurosurgery removed brain tumor.,{},{NSG},"{specialty,surgery}"
Psychiatry,Specialty,FALSE,Psychiatry,,The medical specialty treating mental health conditions.,Psychiatry prescribed antidepressant.,{},{psych},{specialty}
Pain Management,Specialty,FALSE,Pain Management,,The specialty focused on treating chronic pain.,Pain management did epidural injection.,{},{pain medicine},{specialty}
Physical Medicine and Rehabilitation,Specialty,FALSE,Physical Medicine and Rehabilitation,,The specialty helping patients recover function after injury or illness.,PM&R ordered physical therapy.,{},"{PM&R,physiatry}",{specialty}
Palliative Care,Specialty,FALSE,Palliative Care,,The specialty focused on comfort and quality of life for serious illness.,Palliative care manages symptoms.,{},{palliative medicine},{specialty}
Hospice,Specialty,FALSE,Hospice Care,,End-of-life care focusing on comfort not cure.,Patient transitioned to hospice.,{},{},{specialty}
General Surgery,Specialty,FALSE,General Surgery,,The surgical specialty performing operations on abdomen and related areas.,General surgery did appendectomy.,{},{surgery},"{specialty,surgery}"
Trauma Surgery,Specialty,FALSE,Trauma Surgery,,The surgical specialty treating severe injuries.,Trauma surgery in OR for MVA victim.,{},{},"{specialty,surgery}"
Cardiothoracic Surgery,Specialty,FALSE,Cardiothoracic Surgery,,The surgical specialty operating on heart and chest.,CT surgery performed CABG.,{},{CT surgery},"{specialty,surgery}"
Vascular Surgery,Specialty,FALSE,Vascular Surgery,,The surgical specialty operating on blood vessels.,Vascular surgery repaired aneurysm.,{},{},"{specialty,surgery}"
Transplant Surgery,Specialty,FALSE,Transplant Surgery,,The surgical specialty performing organ transplants.,Transplant surgery did kidney transplant.,{},{},"{specialty,surgery}"
Surgical Oncology,Specialty,FALSE,Surgical Oncology,,The surgical specialty removing cancerous tumors.,Surgical oncology performed tumor resection.,{},{},"{specialty,surgery,oncology}"
Orthopedic Surgery,Specialty,FALSE,Orthopedic Surgery,,The surgical specialty focused on bones and joints.,Orthopedics did knee replacement.,{},"{orthopedics,ortho}","{specialty,surgery}"
Sports Medicine,Specialty,FALSE,Sports Medicine,,The specialty treating athletic injuries.,Sports medicine manages ACL tear.,{},{},"{specialty,orthopedics}"
Hand Surgery,Specialty,FALSE,Hand Surgery,,The surgical subspecialty operating on hands.,Hand surgery repaired tendon.,{},{},"{specialty,surgery,orthopedics}"
Spine Surgery,Specialty,FALSE,Spine Surgery,,The surgical subspecialty operating on the spine.,Spine surgery did spinal fusion.,{},{},"{specialty,surgery,orthopedics}"
Plastic Surgery,Specialty,FALSE,Plastic Surgery,,The surgical specialty reconstructing or altering body parts.,Plastic surgery did breast reconstruction.,{},{plastics},"{specialty,surgery}"
Oral and Maxillofacial Surgery,Specialty,FALSE,Oral and Maxillofacial Surgery,,The surgical specialty operating on mouth jaw and face.,OMFS removed wisdom teeth.,{},{OMFS},"{specialty,surgery,dental}"
Otolaryngology,Specialty,FALSE,Otolaryngology,,The surgical specialty treating ear nose and throat.,ENT removed tonsils.,{},"{ENT,ear nose throat}","{specialty,surgery}"
Ophthalmology,Specialty,FALSE,Ophthalmology,,The medical and surgical specialty treating eyes.,Ophthalmology performed cataract surgery.,{},{},{specialty}
Optometry,Specialty,FALSE,Optometry,,The profession examining eyes and prescribing glasses.,Optometry prescribed new glasses.,{},{OD},{specialty}
Urology,Specialty,FALSE,Urology,,The surgical specialty treating urinary tract and male reproductive organs.,Urology did TURP.,{},{},"{specialty,surgery}"
Obstetrics and Gynecology,Specialty,FALSE,Obstetrics and Gynecology,,The specialty caring for women's reproductive health and pregnancy.,OB-GYN delivered baby.,{},"{OB-GYN,OB/GYN}",{specialty}
Maternal-Fetal Medicine,Specialty,FALSE,Maternal-Fetal Medicine,,The subspecialty managing high-risk pregnancies.,MFM monitors twins.,{},"{MFM,perinatology}","{specialty,obstetrics}"
Gynecologic Oncology,Specialty,FALSE,Gynecologic Oncology,,The subspecialty treating female reproductive cancers.,Gyn-onc manages ovarian cancer.,{},{gyn-onc},"{specialty,gynecology,oncology}"
Reproductive Endocrinology,Specialty,FALSE,Reproductive Endocrinology and Infertility,,The subspecialty treating infertility and hormones.,REI performed IVF.,{},"{REI,fertility}","{specialty,gynecology}"
Pediatrics,Specialty,FALSE,Pediatrics,,The medical specialty caring for children.,Pediatrics saw child for well visit.,{},{peds},{specialty}
Neonatology,Specialty,FALSE,Neonatology,,The subspecialty caring for newborns especially premature babies.,Neonatology in NICU.,{},{},"{specialty,pediatrics}"
Pediatric Surgery,Specialty,FALSE,Pediatric Surgery,,The surgical specialty operating on children.,Pediatric surgery repaired hernia.,{},{},"{specialty,surgery,pediatrics}"
Pediatric Cardiology,Specialty,FALSE,Pediatric Cardiology,,The subspecialty treating heart problems in children.,Pediatric cardiology manages congenital heart defect.,{},{},"{specialty,cardiology,pediatrics}"
Geriatrics,Specialty,FALSE,Geriatrics,,The medical specialty focused on elderly patients.,Geriatrics manages complex medications.,{},{},{specialty}
Family Medicine,Specialty,FALSE,Family Medicine,,The specialty providing comprehensive care for all ages.,Family medicine is primary care.,{},{family practice},"{specialty,primary-care}"
Internal Medicine,Specialty,FALSE,Internal Medicine,,The specialty focused on adult medical care.,Internal medicine manages chronic diseases.,{},{},"{specialty,primary-care}"
Hospitalist,Specialty,FALSE,Hospital Medicine,,Physicians who care for hospitalized patients.,Hospitalist rounded on medical floor.,{},{},{specialty}
Sleep Medicine,Specialty,FALSE,Sleep Medicine,,The specialty diagnosing and treating sleep disorders.,Sleep medicine ordered sleep study.,{},{},{specialty}
Bariatrics,Specialty,FALSE,Bariatric Surgery,,The surgical specialty performing weight loss surgery.,Bariatrics did gastric bypass.,{},{weight loss surgery},"{specialty,surgery}"
Podiatry,Specialty,FALSE,Podiatry,,The medical profession treating feet and ankles.,Podiatry treats diabetic foot ulcers.,{},{DPM},{specialty}
Pathology,Specialty,FALSE,Pathology,,The specialty examining tissues and lab samples to diagnose disease.,Pathology examined biopsy.,{},{},{specialty}
Anesthesiology,Specialty,FALSE,Anesthesiology,,The specialty providing anesthesia for surgery and pain management.,Anesthesiology gave spinal for C-section.,{},{anesthesia},{specialty}
Medical Genetics,Specialty,FALSE,Medical Genetics,,The specialty diagnosing and managing genetic disorders.,Genetics ordered chromosome analysis.,{},{genetics},{specialty}
Preventive Medicine,Specialty,FALSE,Preventive Medicine,,The specialty focused on disease prevention and public health.,Preventive medicine promotes vaccination.,{},{},{specialty}
Occupational Medicine,Specialty,FALSE,Occupational Medicine,,The specialty treating work-related injuries and illnesses.,Occupational medicine cleared for work.,{},{},{specialty}
Cardi,Root,FALSE,Heart,cardi/o,Relating to the heart.,Cardiology is the study of the heart.,{},{},"{root,anatomy}"
Pulmon,Root,FALSE,Lung,pulmon/o,Relating to the lungs.,Pulmonary means related to lungs.,{},{},"{root,anatomy}"
Gastr,Root,FALSE,Stomach,gastr/o,Relating to the stomach.,Gastritis is stomach inflammation.,{},{},"{root,anatomy}"
Enter,Root,FALSE,Intestine,enter/o,Relating to the intestines.,Enteritis is intestine inflammation.,{},{},"{root,anatomy}"
Hepat,Root,FALSE,Liver,hepat/o,Relating to the liver.,Hepatitis is liver inflammation.,{},{},"{root,anatomy}"
Nephr,Root,FALSE,Kidney,nephr/o,Relating to the kidneys.,Nephrology studies kidneys.,{},{},"{root,anatomy}"
Ren,Root,FALSE,Kidney,ren/o,Relating to the kidneys.,Renal means related to kidneys.,{},{},"{root,anatomy}"
Cyst,Root,FALSE,Bladder,cyst/o,Relating to the bladder.,Cystitis is bladder inflammation.,{},{},"{root,anatomy}"
Ur,Root,FALSE,Urine,ur/o,Relating to urine.,Urology studies urinary system.,{},{},"{root,anatomy}"
Hem,Root,FALSE,Blood,hem/o,Relating to blood.,Hematology studies blood.,{},{},"{root,anatomy}"
Hemat,Root,FALSE,Blood,hemat/o,Relating to blood.,Hematoma is a blood collection.,{},{},"{root,anatomy}"
Angi,Root,FALSE,Vessel,angi/o,Relating to blood vessels.,Angiogram images blood vessels.,{},{},"{root,anatomy}"
Vas,Root,FALSE,Vessel,vas/o,Relating to blood vessels.,Vascular means related to vessels.,{},{},"{root,anatomy}"
Neur,Root,FALSE,Nerve,neur/o,Relating to nerves.,Neurology studies the nervous system.,{},{},"{root,anatomy}"
Encephal,Root,FALSE,Brain,encephal/o,Relating to the brain.,Encephalitis is brain inflammation.,{},{},"{root,anatomy}"
Cerebr,Root,FALSE,Brain,cerebr/o,Relating to the brain.,Cerebral means related to brain.,{},{},"{root,anatomy}"
Myel,Root,FALSE,Spinal Cord or Bone Marrow,myel/o,Relating to spinal cord or bone marrow.,Myelogram images spinal cord.,{},{},"{root,anatomy}"
Oste,Root,FALSE,Bone,oste/o,Relating to bones.,Osteoporosis is bone thinning.,{},{},"{root,anatomy}"
Arthr,Root,FALSE,Joint,arthr/o,Relating to joints.,Arthritis is joint inflammation.,{},{},"{root,anatomy}"
Chondr,Root,FALSE,Cartilage,chondr/o,Relating to cartilage.,Chondromalacia is cartilage softening.,{},{},"{root,anatomy}"
My,Root,FALSE,Muscle,my/o,Relating to muscles.,Myalgia is muscle pain.,{},{},"{root,anatomy}"
Muscul,Root,FALSE,Muscle,muscul/o,Relating to muscles.,Muscular means related to muscles.,{},{},"{root,anatomy}"